job;salary;id;city;year;age
Инженер;126767;6610946;Куэнка;2022;64
Продавец;62082;8514333;Рига;2017;27
Продавец;107211;3861053;Прага;2001;64
Оператор call-центра;176924;7310212;Кишинев;2011;49
Учитель;123834;1056682;Бургос;2011;19
Бухгалтер;126103;6453833;Кишинев;2012;30
Инженер;190161;1918917;Бланес;2010;61
Менеджер;184534;5731850;Прага;2005;60
Оператор call-центра;108078;4584345;Семана;2021;64
Косметолог;24184;2475699;Овьедо;2016;18
Инженер;91925;8429789;Луго;2021;56
Менеджер;66360;2243185;София;2020;21
Строитель;107083;2304555;Аликанте;2015;65
Повар;49446;7834376;Семана;2003;62
Бухгалтер;33679;5291310;Семана;2002;60
Программист;46789;8151286;Лас-Росас;2007;56
Менеджер;36161;1955049;Афины;2002;56
Строитель;153388;1526557;Любляна;2021;22
Психолог;165561;5769618;Санхенхо;2018;19
Психолог;30772;7331684;Санхенхо;1999;39
Медсестра;119371;2154205;Сараево;2014;44
Повар;171229;2455101;Белград;2020;51
Медсестра;165328;7487867;Семана;2015;53
Менеджер;78424;7906125;Санхенхо;2012;61
Инженер;58564;4067102;Сория;2000;24
Косметолог;76099;9860120;Бургос;2006;20
Водитель;165150;4932818;Мадрид;2021;44
IT-специалист;189688;9712115;Осера;2011;24
Оператор call-центра;92892;4931242;Сория;2013;41
Косметолог;147420;7509966;Тарраса;2020;25
Повар;146231;8643567;Мерида;2020;41
Менеджер;53154;9474797;Куэнка;2007;48
IT-специалист;35915;7809962;Тарраса;2000;63
Врач;81552;6996753;Мадрид;2012;47
Медсестра;124457;4718284;Кишинев;2018;25
Оператор call-центра;151915;3580246;Прага;2009;53
Косметолог;38428;2719120;Алькала-де-Энарес;2005;60
Медсестра;28068;7021907;Камбадос;2008;63
Продавец;175255;3829351;Рига;2010;57
Инженер;77897;9673273;Валенсия;2002;18
Архитектор;186129;3800057;Льейда;2013;47
Водитель;169229;5625506;Пласенсия;2010;57
Водитель;23905;7273642;Бильбао;2003;24
Водитель;33828;6300445;Душанбе;2001;41
Учитель;99902;5537875;Мартоса;2020;58
Повар;179403;2518404;Подгорица;2014;44
Врач;59587;2057773;Скопье;2022;53
Бухгалтер;173858;4240825;Загреб;2017;36
Врач;182760;3345756;Бургос;2004;29
Продавец;174966;2549418;София;2006;54
Программист;137035;7919217;Сория;2017;51
Косметолог;108123;7237656;Осера;2015;50
Инженер;148191;4759275;Хихон;2006;39
Психолог;22912;7737839;Навалькарнеро;2011;40
Оператор call-центра;41301;8680774;Осера;2007;40
IT-специалист;49089;2473168;Загреб;2017;26
IT-специалист;173129;5979446;Хельсинки;2011;46
Продавец;78538;7859043;Скопье;2014;48
Врач;147564;9171634;Бишкек;1999;48
Продавец;69075;3778542;Монсон;2004;41
Косметолог;42128;7336230;Аликанте;2017;31
Водитель;115989;9023781;Вальядолид;2008;65
Бухгалтер;193484;7092942;Афины;2021;33
Медсестра;32031;8845609;Авилес;2000;43
Бухгалтер;131382;2331492;Сеговия;2015;28
Повар;45840;6018417;Тирана;2006;35
Бухгалтер;26074;2425996;Алькала-де-Энарес;2009;33
Строитель;159581;7537344;Скопье;1999;31
Учитель;49544;1560780;Картахена;2007;50
Водитель;92524;8752081;Аликанте;2017;61
Бухгалтер;87430;1432157;Куэнка;2019;37
Учитель;179095;7797201;Мурсия;2013;42
Менеджер;97240;8265973;Барселона;2011;35
Инженер;77643;5507986;Скопье;2019;33
Продавец;72190;3534682;Кишинев;2008;18
Медсестра;30206;1346975;Эль-Пуэрто-де-Санта-Мария;2009;31
Архитектор;143959;9445441;Белград;2006;53
Программист;73042;1216382;Тирана;2018;30
Бухгалтер;197909;4746994;Вроцлав;2017;48
Повар;37853;8192795;Мурсия;2021;60
IT-специалист;90223;3164516;Касерес;2005;30
Продавец;76007;4892155;Сеговия;2001;22
IT-специалист;63389;2255134;Афины;2019;29
Повар;95543;4493489;Санхенхо;2007;27
Медсестра;171045;3766193;Эль-Пуэрто-де-Санта-Мария;2014;53
Учитель;160400;2062070;Вильнюс;2021;36
Программист;34834;1489368;Хихон;2003;45
Психолог;138030;8792143;Монсон;2004;61
Оператор call-центра;98401;8116269;Луарка;2008;27
Оператор call-центра;178211;5806252;Эль-Пуэрто-де-Санта-Мария;2022;29
Косметолог;148857;5720168;Сория;2007;44
IT-специалист;96242;4286649;Сантьяго-де-Компостела;2020;24
Повар;133170;5183255;Краков;1999;57
Строитель;79557;3647896;Хихон;2010;33
Архитектор;156325;1994100;Мадрид;2020;55
IT-специалист;179172;8004449;Рига;2019;46
Врач;144924;6770873;Астана;2018;33
Оператор call-центра;142551;7363673;Луго;2000;32
Учитель;126847;5527342;Ташкент;2020;29
Инженер;110135;8354098;Москва;2010;26
Строитель;53998;3944657;Скопье;2013;63
Психолог;70965;1258475;Эль-Пуэрто-де-Санта-Мария;2009;53
IT-специалист;115244;1282002;Хихон;2017;27
Менеджер;148360;8121932;Касерес;2014;46
Бухгалтер;38506;1364481;Виго;2006;51
Программист;86705;8393746;Лас-Росас;2000;49
Учитель;145348;4227542;Лас-Росас;2002;25
Инженер;149601;2400999;Мерида;2020;60
Психолог;37666;8508851;Варшава;2019;40
Психолог;39974;8459311;Вильнюс;2004;43
Медсестра;108062;4608803;Авилес;2002;65
Бухгалтер;76078;4677942;Сантьяго-де-Компостела;2007;33
Инженер;164429;4403421;Баку;2019;48
Водитель;189665;8760150;Хихон;2002;46
Строитель;106873;9497518;Тирана;2006;33
Инженер;32777;8768341;Авилес;2018;28
Врач;117867;4358503;Осера;2003;21
Менеджер;100220;7795639;Прага;2001;26
Менеджер;146704;3390717;Севилья;2017;48
Психолог;73952;4053972;Кишинев;2006;18
Косметолог;197721;3642482;Сараево;2000;42
Косметолог;167022;4681715;Ташкент;2018;56
IT-специалист;71083;2548541;Эль-Пуэрто-де-Санта-Мария;2018;56
Программист;111957;7419966;Гранада;2016;59
Архитектор;38690;1317782;Алькала-де-Энарес;2006;65
Водитель;75714;1616878;Подгорица;2018;61
Медсестра;111471;7528615;Скопье;2013;54
Психолог;172112;6315127;Минск;2008;60
Бухгалтер;123747;7970609;Тудела;2015;64
Строитель;121262;7603344;Касерес;2001;53
Строитель;35535;3033877;Фигерас;2013;33
Архитектор;59072;6429900;Осера;2013;35
Архитектор;106187;9393686;Таллин;2007;39
Бухгалтер;104878;1594723;Санхенхо;2015;63
Архитектор;24518;6127065;Осера;2000;53
Косметолог;23354;9752322;Мадрид;2000;29
IT-специалист;186538;2202164;Семана;2012;34
Водитель;153070;7213757;Душанбе;2013;47
Косметолог;40549;7499799;Мерида;2002;51
Менеджер;36648;9294173;Фигерас;2014;34
Учитель;147625;1721151;Авилес;2021;50
Учитель;195967;5106742;Эльче;2006;39
Оператор call-центра;50694;1455079;Сан-Себастьян;2018;23
Инженер;187834;3310660;Лас-Росас;2005;46
Оператор call-центра;171556;7031383;Сараево;2019;63
Медсестра;172198;2852821;Мартоса;2010;64
Психолог;111176;9946031;Овьедо;2009;40
IT-специалист;47741;3628219;Подгорица;2003;21
Строитель;140013;9957972;Таллин;2007;52
Программист;163224;4965427;Куэнка;2004;18
Психолог;84371;2996879;Белград;2009;56
Инженер;54092;4215667;Скопье;2000;43
Косметолог;98520;1067653;Куэнка;2013;34
Оператор call-центра;84454;3030613;Трухильо;2014;50
Оператор call-центра;149290;1675319;Фигерас;2005;44
Косметолог;24753;7747826;Астана;1999;35
Архитектор;173203;3340938;Кадакес;2012;25
Менеджер;167181;3306976;Валенсия;2022;26
IT-специалист;28334;5891583;Алма-Ата;2020;20
Медсестра;27094;6006949;Вальядолид;2011;53
Строитель;67047;8997081;Кадакес;2004;60
Врач;47151;7522013;Лас-Росас;2013;19
IT-специалист;179061;1844769;Ереван;2003;54
Косметолог;74107;3356297;Бургос;2010;19
Бухгалтер;171875;3197751;Касерес;2002;47
Психолог;187259;9909775;Сан-Себастьян;2011;54
Водитель;38167;8319526;Сеговия;2001;65
Повар;67364;6382510;Эль-Пуэрто-де-Санта-Мария;2006;50
Водитель;92760;1949285;Кордова;2019;46
IT-специалист;134436;5650822;Касерес;2000;63
Архитектор;160654;6052664;Загреб;2018;57
Архитектор;172664;5196240;Тудела;2021;40
Продавец;37660;9608632;Москва;2018;58
Оператор call-центра;31412;1353949;Кордова;2019;32
Косметолог;85226;8410972;Бишкек;2010;28
Инженер;60189;2088913;Эль-Пуэрто-де-Санта-Мария;2009;23
Архитектор;72776;5087712;Тудела;2013;34
Строитель;39600;2006538;Любляна;2016;26
IT-специалист;139871;5542969;Малага;2017;39
Медсестра;156738;8640098;Эль-Пуэрто-де-Санта-Мария;2006;59
Продавец;194955;2154531;Кордова;2007;18
Косметолог;150100;7343536;Мадрид;2003;59
Врач;150155;6595039;Малага;2009;51
Продавец;112071;3843086;Монсон;2019;18
Косметолог;180812;1596210;Тбилиси;2017;23
Медсестра;165914;4015473;Мурсия;2008;61
Медсестра;148201;1907115;Вильявисиоса;2005;36
Оператор call-центра;32650;2760416;Сория;2005;46
Менеджер;93311;6255110;Хихон;2017;45
Инженер;84824;8436123;Барселона;2014;40
Повар;67573;8221090;Вильнюс;2005;38
Архитектор;151784;5286762;Хихон;2012;32
Архитектор;42030;4513132;Мартоса;2008;58
Психолог;153246;1664359;Тарраса;2016;41
Косметолог;84804;1570708;Валенсия;2008;49
Косметолог;161150;1881517;Сория;2000;40
Бухгалтер;199608;1914888;Овьедо;2015;30
IT-специалист;132485;3983642;Хихон;2015;43
Медсестра;116487;5860479;София;1999;32
IT-специалист;52741;1402487;Осера;2016;37
Повар;179113;9154749;Малага;2022;28
Медсестра;114616;4917193;Санхенхо;2001;54
Инженер;118796;5136081;Алма-Ата;2005;55
Учитель;64020;2372198;Минск;2001;27
Программист;197768;6028922;Мартоса;2014;41
Учитель;123580;6718826;Монсон;2016;22
Водитель;105693;8856719;Касерес;2011;63
Оператор call-центра;82050;7248144;Мерида;2016;57
Продавец;162545;9486287;Тудела;2007;18
Оператор call-центра;192641;7187156;Мурсия;2022;22
Архитектор;53433;5907445;Касерес;2020;59
Медсестра;144667;3225610;Тбилиси;2018;27
Косметолог;129215;9430537;Сараево;2011;25
Продавец;181410;2187207;Барселона;2001;33
Повар;148770;1653834;Санкт-Петербург;1999;64
Менеджер;161288;1015158;Трухильо;2018;62
Косметолог;100152;9592173;Загреб;2020;50
Медсестра;144256;4946894;Тудела;2009;63
IT-специалист;50628;5865029;Любляна;2019;42
Медсестра;62717;2805801;Льейда;2014;21
Медсестра;182928;3735396;Хельсинки;2007;51
Бухгалтер;101863;1804220;Сьюдад-Реаль;2020;54
Косметолог;128491;5752748;Самора;2002;21
Водитель;20625;5078045;Мерида;2007;22
Водитель;112727;1550903;Мурсия;2022;63
Косметолог;54737;8726980;Картахена;2020;28
Психолог;22274;8353328;Хельсинки;2017;49
Психолог;146080;1077058;Варшава;2015;21
Водитель;108266;1675333;Алькала-де-Энарес;2017;50
Психолог;38457;2359189;Ла-Корунья;2021;60
Менеджер;32909;3389619;Вильявисиоса;2006;59
Косметолог;180004;3258786;Ташкент;2018;22
Инженер;80591;8336367;Авилес;2020;37
Повар;180881;3918024;Загреб;2000;21
Психолог;59198;8251855;Эль-Пуэрто-де-Санта-Мария;2013;28
Косметолог;68224;8165326;Хихон;2008;43
Программист;118763;5378713;Сьюдад-Реаль;2004;46
Инженер;38462;2834668;Тирана;2008;35
Строитель;100851;2067490;Луго;2004;30
Менеджер;145139;8907029;Душанбе;2010;61
Программист;165726;3204514;Малага;2008;62
Повар;128825;3403046;Астана;2015;32
Продавец;141990;9094581;Осера;2007;62
Менеджер;197686;3985454;Москва;2001;41
Повар;107598;7962420;Сараево;2000;53
Медсестра;127710;4910609;Сеговия;2002;18
IT-специалист;49185;3910125;Санхенхо;2009;36
IT-специалист;79265;5460019;Семана;2020;60
Медсестра;150292;8490609;Любляна;2005;43
Инженер;181257;9227542;Хельсинки;2005;52
Продавец;121989;3059480;Рига;2022;35
Врач;56230;7349909;Хельсинки;1999;19
Психолог;85458;9908603;Будапешт;2008;31
Продавец;24446;1017815;Ереван;2017;33
IT-специалист;173752;7226704;Аликанте;2013;42
Строитель;47507;3169676;Хихон;2020;49
IT-специалист;61877;9916693;Ереван;2019;40
Косметолог;179784;9756422;Эль-Пуэрто-де-Санта-Мария;2013;47
Водитель;166360;3256170;Санхенхо;2007;32
Бухгалтер;95089;8176678;Картахена;2001;64
Повар;132095;5618490;Сантьяго-де-Компостела;2011;44
Архитектор;91995;7892425;Камбадос;2009;58
Строитель;45399;4143013;Осера;2010;36
Бухгалтер;175872;5433071;Таллин;1999;22
Продавец;180441;2544377;Рига;2022;61
Косметолог;102526;1761869;Ереван;2001;40
Повар;155794;7059398;Баку;2002;32
Водитель;124697;3735608;Вальядолид;2014;30
Продавец;121794;9058979;Таллин;2001;44
Архитектор;182369;6366399;Вильявисиоса;2022;65
Повар;175726;5780621;Авилес;2009;21
Архитектор;178732;3287251;Рига;2016;49
Водитель;56053;6672465;Сараево;2021;25
Водитель;29609;4981060;Прага;2002;58
Повар;170123;2380015;Луго;2010;38
Косметолог;125206;1757533;Лас-Росас;2012;32
Медсестра;132334;6804580;Сьюдад-Реаль;2003;60
Бухгалтер;21594;8465049;Мерида;2008;18
Менеджер;161239;4131596;Кадакес;2000;50
Оператор call-центра;37500;1058237;Гранада;2017;20
Программист;49822;5401474;Тарраса;2014;33
Программист;80669;1911362;Севилья;2020;63
Повар;28060;5034459;Малага;2012;47
Психолог;116003;7329210;Тбилиси;2000;27
Повар;90404;8192464;Картахена;2005;27
IT-специалист;60406;9704589;Бланес;1999;18
Инженер;117966;9539388;Камбадос;2019;52
Программист;146920;9114765;Осера;2008;42
Врач;158545;1072133;Таллин;2013;64
Медсестра;109939;6544306;Скопье;2009;47
Инженер;120436;2776319;Белград;2012;61
Водитель;110842;9762783;Москва;2001;63
Менеджер;194882;8218336;Тбилиси;2020;55
Бухгалтер;151364;4795539;Эльче;2017;19
Строитель;23855;5968227;Сеговия;2001;33
Программист;176698;1740173;Хихон;1999;55
Менеджер;131650;7086423;Луго;2015;50
Косметолог;112906;8003646;Касерес;2008;54
Строитель;83899;6453856;Астана;2006;29
Учитель;65584;5149061;Любляна;2012;37
Медсестра;40600;5847720;Будапешт;2021;43
Водитель;99547;3218709;Алькала-де-Энарес;2009;47
Менеджер;127492;6367245;София;2013;58
Инженер;92449;5466396;Мадрид;2011;57
Продавец;44213;8778507;Бланес;2004;44
Медсестра;78229;4326817;Сантьяго-де-Компостела;2016;48
Строитель;123347;5356763;Алькала-де-Энарес;2010;63
Учитель;45587;3981403;Тбилиси;2008;19
Учитель;193999;4759574;Артейхо;2003;24
Врач;154750;5491574;Москва;2002;49
Строитель;169821;6952413;Санкт-Петербург;2003;57
Строитель;120125;6085848;Семана;2002;47
Программист;129199;8532946;Санхенхо;2002;61
Водитель;184824;6265918;Льейда;2022;27
Строитель;27988;6801269;Фигерас;2013;56
Бухгалтер;85826;5927539;Сория;2012;45
Продавец;50706;3747380;Семана;2007;43
Строитель;93456;9454711;Гранада;2002;50
IT-специалист;52564;8174643;Вроцлав;1999;41
IT-специалист;182226;2524330;Мурсия;2015;47
Учитель;179098;7765082;Осера;2018;46
Оператор call-центра;31638;4511589;Душанбе;2021;35
IT-специалист;57663;1368546;Навалькарнеро;2012;38
Учитель;82564;8718264;Навалькарнеро;2002;28
Строитель;91309;6004368;Тирана;2022;40
Строитель;22637;6947327;Сантьяго-де-Компостела;2017;29
IT-специалист;44956;5699191;Малага;2002;38
Психолог;30141;6536847;Вроцлав;2021;41
Водитель;120895;6201207;Камбадос;2003;31
Учитель;164452;2351538;Эль-Пуэрто-де-Санта-Мария;2004;50
Бухгалтер;131231;4230099;Виго;2014;64
Продавец;191253;9566334;Овьедо;2017;57
Программист;33875;2854293;Бланес;2011;62
Продавец;80810;1104558;Картахена;2014;62
Учитель;40642;2522297;Кишинев;2021;27
Продавец;62453;9278932;Краков;2007;56
Врач;189949;8856773;Тудела;2022;52
Продавец;188589;2252504;Куэнка;2002;55
Косметолог;58039;6046070;Москва;2001;62
Бухгалтер;197251;9086102;Ла-Корунья;2014;40
Менеджер;125708;9641822;Ла-Корунья;2007;21
Продавец;192146;6780787;Сьюдад-Реаль;2006;45
Инженер;161120;9422466;Будапешт;2020;61
Врач;153481;4352737;Будапешт;2013;38
Менеджер;20543;8087906;Алма-Ата;2017;21
Менеджер;196544;9016743;Любляна;2004;35
Оператор call-центра;91320;8464321;Астана;1999;22
Инженер;174917;2283066;Кадакес;2009;41
Продавец;130387;5619383;Хихон;2017;60
Водитель;59030;9572103;Хихон;2014;29
Архитектор;198391;7077057;Эльче;2020;57
Программист;130071;7039942;Куэнка;2010;38
Инженер;61311;4785539;Камбадос;2013;39
Врач;71238;3494680;София;2016;65
Водитель;86296;7806848;Сеговия;2015;35
Медсестра;42859;9781398;Мадрид;2012;53
Бухгалтер;38747;2824762;Овьедо;1999;37
Врач;77940;3911204;Мартоса;2022;36
Менеджер;98972;5691754;Луго;2016;33
Повар;69354;7241148;Аликанте;2000;37
Оператор call-центра;155881;6688367;Москва;2005;26
Продавец;127101;1491166;Загреб;2021;39
Архитектор;39033;6594668;Монсон;2004;62
Программист;112736;1144905;Тарраса;2017;56
Психолог;86108;7316780;Сан-Себастьян;2010;42
Программист;180874;7986231;Сьюдад-Реаль;2001;31
Инженер;25229;9559724;Мадрид;2002;37
Продавец;156608;9420037;Барселона;2003;20
Оператор call-центра;190925;2969386;Тбилиси;2009;27
Программист;117326;3652763;Хихон;2004;65
Оператор call-центра;153423;7232242;Астана;2014;33
IT-специалист;145364;1686281;Варшава;2003;46
Оператор call-центра;96081;2680982;Рига;2004;21
Учитель;167974;7968746;Осера;2010;56
Архитектор;83739;9105135;Москва;2000;52
Учитель;63386;8237726;Тарраса;2021;43
Повар;36190;3939762;Алма-Ата;2016;61
Оператор call-центра;23092;2799166;Сан-Себастьян;2021;47
Архитектор;166082;9057578;Астана;2013;35
IT-специалист;121249;9560580;Ла-Корунья;2013;47
Учитель;166519;6934156;Тудела;2020;24
Бухгалтер;138026;6945661;Сеговия;2010;20
Учитель;183150;4139275;Мадрид;2001;50
Оператор call-центра;116377;3717328;Гранада;2003;23
Программист;133553;5542137;Эльче;2005;59
Водитель;33205;3963980;Будапешт;2017;58
Инженер;199234;5446755;Монсон;2002;19
Оператор call-центра;156327;6324077;Хихон;2018;38
Учитель;199341;2993909;София;2022;46
Косметолог;51706;4681180;Ереван;2014;42
Оператор call-центра;69552;8817420;Навалькарнеро;2016;52
Косметолог;109445;6587840;Севилья;2001;44
Медсестра;39052;6689504;Вильявисиоса;2010;38
Инженер;69336;5286858;Хихон;2000;41
Врач;159750;2644842;Мартоса;2009;45
Повар;193296;4801315;Рига;2016;37
Оператор call-центра;171229;2563657;Луарка;2009;54
Продавец;156992;8242678;Алма-Ата;2018;22
Медсестра;26682;5755949;Сеговия;2018;30
Косметолог;94596;9677250;Алькала-де-Энарес;1999;45
Инженер;128593;4089638;Санхенхо;2000;58
Программист;132515;5830183;Мерида;2000;23
Архитектор;107313;2877006;Валенсия;2012;25
Архитектор;30875;9239509;Белград;2018;46
Менеджер;137815;7716426;Самора;2004;28
Продавец;79793;5736130;Прага;2009;61
Продавец;134915;5790783;Кишинев;2012;43
Строитель;177081;6737048;Эльче;2004;35
Психолог;97003;4717802;Куэнка;2006;64
IT-специалист;181993;2501300;Бильбао;2002;64
Программист;94492;8942650;Алькала-де-Энарес;2009;57
Врач;36582;6995229;София;2021;62
Архитектор;73576;2657960;Белград;2003;42
Строитель;42098;3599976;Загреб;2010;62
Повар;169573;8659164;Хихон;2007;56
Строитель;27403;8787713;Рига;2014;48
Продавец;42821;8570955;Краков;2002;42
Психолог;47350;9336685;Севилья;2011;22
Психолог;136107;9008097;Мерида;2000;65
Медсестра;87141;1897089;Куэнка;2014;57
Строитель;97010;1632291;Льейда;2008;20
Продавец;67837;4997886;Санхенхо;2001;25
Учитель;132633;9451352;Луго;2012;44
Оператор call-центра;77996;8791827;Бургос;2012;43
Косметолог;53805;9212699;Мурсия;2009;19
Оператор call-центра;80063;8071911;Валенсия;2017;48
IT-специалист;144508;1910767;Бланес;1999;57
Врач;71398;9458998;Мартоса;2022;57
Строитель;98254;9917399;Вильнюс;2002;55
Косметолог;174238;6610558;Баку;2004;27
Программист;122581;7874854;Хихон;2018;65
Строитель;173264;9427498;Ереван;1999;51
Учитель;74341;2893268;Виго;2012;33
Косметолог;154686;5682474;Севилья;2000;36
Оператор call-центра;110079;7252356;Прага;2000;21
IT-специалист;154122;2726271;Санкт-Петербург;2020;64
Медсестра;138523;5486965;Тудела;2009;47
Продавец;66468;3651408;Осера;2008;50
Оператор call-центра;109975;1774252;Эльче;2001;38
Продавец;49502;9783659;Будапешт;2013;61
IT-специалист;87457;4275365;Самора;2004;38
Психолог;171109;8415723;Монсон;2004;49
Психолог;105308;6270603;Вальядолид;2008;57
Менеджер;53446;6881498;Куэнка;2003;32
Программист;110534;3121517;Будапешт;2009;65
Врач;37354;9111225;Кадакес;2019;44
Водитель;188203;9791418;Лас-Росас;2007;27
Медсестра;94241;4134346;Куэнка;2008;58
Психолог;88194;1044814;Ла-Корунья;2009;56
Программист;164318;2369738;Гранада;2000;30
Врач;122969;6580022;Навалькарнеро;2010;25
Медсестра;111722;2929137;Кордова;2001;51
IT-специалист;106450;7321283;Сьюдад-Реаль;2017;46
IT-специалист;198285;5644711;Монсон;2014;39
Психолог;196061;6996400;Таллин;2016;37
Водитель;83330;9870755;Прага;2003;24
Повар;118549;7852768;Кишинев;2001;28
Оператор call-центра;45967;9341257;Пласенсия;1999;23
Бухгалтер;158444;9413173;Вильнюс;2002;53
Бухгалтер;145405;7242128;Фигерас;2010;64
Медсестра;189958;5081695;Варшава;2020;23
Повар;45404;9545929;Санкт-Петербург;2014;47
Медсестра;57395;4617120;Алма-Ата;2021;60
Программист;120243;1381763;Минск;2015;19
Программист;100160;7891449;Сория;2015;50
Повар;25163;9080799;Картахена;2015;33
Менеджер;127962;9724371;Аликанте;2000;39
Психолог;29146;2237245;Самора;2005;51
Продавец;79232;5239978;Санхенхо;2016;60
Оператор call-центра;58962;8291244;Рига;2012;64
Водитель;121035;7722937;Вильнюс;2007;23
Архитектор;181704;1648523;Хихон;2010;41
IT-специалист;140533;5008758;Эль-Пуэрто-де-Санта-Мария;2016;23
Повар;93932;5790483;Вильнюс;2013;53
Продавец;104245;5474528;Махадаонда;2006;62
Оператор call-центра;167805;5202647;Мартоса;2004;37
Бухгалтер;137773;3971523;Бишкек;2014;31
Инженер;71425;9730937;Виго;2003;38
Программист;104031;2346850;Тарраса;2005;26
Психолог;104456;2037267;Минск;2018;34
Учитель;113552;8783158;Алма-Ата;2010;54
Медсестра;88389;8682830;Вильявисиоса;2020;26
Повар;182704;3976865;Вроцлав;2007;21
Психолог;137195;1262519;Астана;2005;65
Менеджер;69507;6010489;Москва;2021;43
Психолог;180791;5395582;Хихон;2015;46
Косметолог;150731;2886338;Ташкент;2002;47
Архитектор;196233;1326242;Краков;2018;45
Архитектор;52974;8477098;Любляна;2017;28
Косметолог;36677;7616396;Подгорица;2019;36
Продавец;62846;6682839;Вроцлав;2013;47
Архитектор;72756;7262245;Авилес;2009;20
Строитель;124383;6683250;Мерида;2000;40
Продавец;141973;6583890;Севилья;2022;55
Медсестра;96781;2847963;Сараево;2009;23
Учитель;147005;4175643;Прага;2016;64
Водитель;123848;9403112;Кордова;2003;46
IT-специалист;186223;7243909;Сеговия;2021;20
Косметолог;192168;4331644;Баку;2014;59
Менеджер;76330;8256395;Артейхо;2007;65
Оператор call-центра;71993;5300443;Луарка;1999;54
Учитель;28060;4126805;Вильнюс;2001;57
Архитектор;36394;4464894;Фигерас;2015;29
Продавец;191955;1700080;Хихон;2021;21
Оператор call-центра;162104;8632739;Вроцлав;2013;58
Повар;149932;8802850;Хельсинки;2004;57
Строитель;151547;9817869;Сан-Себастьян;2008;44
Психолог;81356;3627811;Куэнка;2000;26
Психолог;165275;8554116;Мадрид;2007;33
Архитектор;149606;2798234;Тбилиси;2007;40
Повар;44682;1553308;Навалькарнеро;2002;18
Повар;158492;5121043;Льейда;1999;55
Психолог;100216;2672300;Сан-Себастьян;2016;56
Продавец;119420;1142011;Севилья;2005;54
Архитектор;50387;3185057;Вильявисиоса;2018;30
Инженер;76885;9902035;Москва;2006;49
Косметолог;81555;1239057;Хихон;2017;45
Оператор call-центра;148822;1121933;Севилья;1999;24
Врач;115216;7525413;Подгорица;2000;63
Программист;117257;3117315;Бильбао;2017;47
IT-специалист;63436;9009680;Кишинев;2021;55
Водитель;87880;4027004;Мурсия;2008;60
Продавец;187517;8339596;Вильнюс;2002;30
Учитель;85127;7081572;Сараево;2003;52
Продавец;108619;9533160;Осера;2018;53
Медсестра;103253;2069345;Сан-Себастьян;2009;44
Оператор call-центра;146294;9514456;Таллин;2008;38
IT-специалист;169661;3837561;Мадрид;2017;37
Инженер;127832;8803492;Бишкек;2005;49
Врач;188988;4287593;Трухильо;2014;45
Продавец;165431;7047398;Санхенхо;2003;31
Оператор call-центра;95565;3258717;Душанбе;2003;52
Медсестра;87688;9123110;Мадрид;2007;57
Врач;46288;3786899;Камбадос;2004;37
Инженер;174768;4651906;Луго;2013;33
Повар;67973;3072311;Касерес;2003;45
Повар;127346;2830661;Прага;2003;31
Водитель;154724;9936296;Прага;2001;26
Оператор call-центра;156049;3320538;Мадрид;2004;37
Медсестра;85315;8082076;Вальядолид;2005;63
Строитель;41634;9674727;Алькала-де-Энарес;2003;41
Врач;33285;9065708;Хельсинки;2003;59
Менеджер;141276;3541811;Загреб;2011;60
Строитель;39967;5645338;Тарраса;2013;43
Оператор call-центра;81365;5241106;Душанбе;2017;30
Инженер;104543;2967559;Вильявисиоса;2017;41
Врач;46698;2051118;Сантьяго-де-Компостела;2002;42
Психолог;52991;2042597;Фигерас;2015;43
Строитель;124000;6968327;Махадаонда;2004;60
Медсестра;147041;7365828;Сория;2013;53
Бухгалтер;76221;3035714;Баку;2002;53
Архитектор;66930;2955830;Хельсинки;2003;29
Психолог;76785;2556342;Мартоса;2013;25
Повар;22527;8747186;Барселона;2002;18
Продавец;48112;9985507;Вильнюс;2004;29
Учитель;146881;9526415;Малага;2010;46
IT-специалист;30444;1329818;Бишкек;2008;27
Косметолог;36889;4598196;Кишинев;2020;31
Архитектор;118664;1334090;Малага;2003;39
Инженер;158892;5500673;Льейда;2016;58
Продавец;46128;5907846;Будапешт;2004;43
Врач;125206;2342416;Эль-Пуэрто-де-Санта-Мария;2012;55
Водитель;117601;6161094;Лас-Росас;2008;64
Оператор call-центра;149079;4530271;Вроцлав;2019;29
Водитель;176978;8484234;Вильявисиоса;2001;40
Менеджер;137150;4323750;Тудела;2011;28
Менеджер;96996;5767496;Хихон;2002;39
Архитектор;185886;4775837;Прага;2014;20
Менеджер;76933;7084047;Кадакес;2020;37
Психолог;59286;3554820;София;2006;49
Косметолог;139717;4202835;Ла-Корунья;2019;26
Оператор call-центра;30966;5785899;Сьюдад-Реаль;2021;47
Повар;95862;6617154;Тарраса;2000;20
Медсестра;53872;4280521;Камбадос;2008;27
Программист;139331;8866662;Ереван;2016;40
Медсестра;68337;6556923;Вильнюс;2016;44
Продавец;144562;2068128;Минск;2009;33
Архитектор;188208;3055645;София;2005;48
Психолог;115517;6296625;София;2015;50
Учитель;99096;1184480;Пласенсия;2015;61
Психолог;196788;7386234;Эль-Пуэрто-де-Санта-Мария;2021;50
Менеджер;113695;2620640;Бишкек;2000;21
Психолог;65527;3638024;Скопье;2005;61
Учитель;100795;4713647;София;2022;32
Психолог;194495;4666811;Скопье;2001;24
Врач;125360;3741756;Бургос;2007;44
Водитель;52494;2367499;Загреб;2002;49
Оператор call-центра;190984;8558183;Прага;2002;63
Архитектор;40315;1565449;Варшава;2011;22
Архитектор;94500;9829758;Алькала-де-Энарес;2013;30
IT-специалист;125096;2687862;Гранада;2011;57
Инженер;173268;3487569;Вильявисиоса;2003;26
Продавец;64978;7742662;Загреб;2009;23
Повар;60809;9118055;Сан-Себастьян;2005;37
Косметолог;171506;9370034;Санхенхо;2013;32
Продавец;194871;9503345;Алькала-де-Энарес;2004;18
Учитель;123713;5535579;Камбадос;2022;65
Медсестра;58437;8993219;Санкт-Петербург;2009;50
Строитель;143560;7104906;Бильбао;2001;52
IT-специалист;103164;1884692;Кордова;2007;46
Менеджер;119706;8165606;Афины;2011;34
Менеджер;152678;9162302;Осера;2016;52
Архитектор;86102;1206319;Санкт-Петербург;2020;28
Менеджер;192898;5624894;Ташкент;2004;21
Психолог;166202;5004541;Вильявисиоса;2001;62
Продавец;85250;9895815;Прага;2009;20
Врач;197406;5503737;Бишкек;2006;25
Психолог;193449;6436160;Краков;2002;28
Повар;194827;5432739;Куэнка;2003;34
Архитектор;92667;7755307;Краков;2013;61
Продавец;115000;7821687;Прага;2003;58
Менеджер;60745;8523299;Кадакес;2012;53
Повар;120191;2810112;Тирана;2011;58
Менеджер;166431;7562583;Картахена;2016;24
Учитель;158561;5296640;Самора;2001;46
Учитель;126292;9933819;Минск;2001;60
Повар;133835;7364783;Касерес;1999;60
Медсестра;160083;1427437;Тудела;2021;26
Учитель;71864;7407825;Мерида;2006;49
Врач;104204;2762401;Сан-Себастьян;2012;49
Оператор call-центра;36477;2997117;Эль-Пуэрто-де-Санта-Мария;2003;59
Врач;29673;7229702;Монсон;2005;18
Учитель;190316;9725717;Санхенхо;2018;56
Оператор call-центра;125359;8406395;Осера;2000;34
Менеджер;28806;8657576;Махадаонда;2013;34
Архитектор;161191;7313030;Бильбао;2001;65
Водитель;169727;2713088;Белград;2019;40
Менеджер;149339;3512900;Аликанте;2012;60
Повар;139940;1222365;Лас-Росас;2000;26
Инженер;154084;8744364;Баку;2013;31
Оператор call-центра;195692;6196748;Краков;2022;36
Бухгалтер;37394;6732064;Тудела;2007;35
Психолог;103645;6437396;Авилес;2017;38
IT-специалист;144326;7503962;Сеговия;2018;55
Учитель;94429;8694305;Валенсия;2004;36
Программист;40461;1646229;Сория;2004;45
Медсестра;27100;4821433;Ташкент;2016;46
Инженер;59457;7910222;Бланес;2005;40
Оператор call-центра;157329;2878224;Авилес;2003;30
Косметолог;62760;5468757;Хихон;2011;45
Инженер;99984;7043213;Ереван;2019;45
Повар;119257;1535820;Сория;2016;63
Оператор call-центра;165124;3854912;Севилья;2011;49
Врач;189909;8605311;Душанбе;2017;44
Учитель;179458;8996843;Овьедо;2012;24
Строитель;63346;8068877;Вильявисиоса;1999;42
Менеджер;45584;2664497;Валенсия;2013;39
Продавец;46123;9506051;Самора;2000;38
Косметолог;62877;4227635;Луарка;2005;52
Врач;161027;9054295;Самора;2012;60
Учитель;122568;7561187;Тарраса;2016;47
Продавец;85483;2616410;Мерида;2003;21
Продавец;98360;9997120;Пласенсия;2022;41
Повар;162855;4327330;Вильнюс;2017;35
IT-специалист;101926;4325316;Вильнюс;2000;61
Косметолог;92705;3949940;Астана;2002;50
Инженер;38241;9027225;Картахена;2003;47
Строитель;197674;5742268;Бильбао;2005;43
Оператор call-центра;33795;7326637;Минск;2008;42
Косметолог;22320;5059511;София;2004;37
Бухгалтер;93056;7837101;Хельсинки;2015;41
Психолог;149480;9623394;Луго;2014;36
Психолог;53580;9204453;Подгорица;2013;45
Врач;175078;1438799;Касерес;2011;19
Психолог;116105;2231993;Сория;2005;19
Медсестра;84152;8546274;Таллин;2001;24
Инженер;48165;4960777;Бишкек;2008;27
Водитель;83337;9294141;Ереван;2014;37
Бухгалтер;36232;6885767;Лас-Росас;2010;31
Инженер;142951;5676293;Тарраса;2008;42
Программист;72412;2874148;Астана;2021;41
Архитектор;27389;2402694;Ташкент;2012;28
Медсестра;78924;9466353;Алькала-де-Энарес;2018;46
Психолог;64026;6666921;Сан-Себастьян;2010;60
Оператор call-центра;163801;7814995;Сантьяго-де-Компостела;2022;33
Менеджер;79607;1503805;Самора;2009;41
Врач;174069;3252869;Виго;2009;46
Архитектор;190400;9289213;Тбилиси;2019;62
Инженер;55936;5917711;Мадрид;2002;47
